{
    "Ar36": {
        "error": 0.0009897486699509731, 
        "fit": "Parabolic", 
        "value": 0.0017294279433657483
    }, 
    "Ar37": {
        "error": 0.15215811534201698, 
        "fit": "linear", 
        "value": -0.34548192832836866
    }, 
    "Ar38": {
        "error": 0.07896064528265645, 
        "fit": "linear", 
        "value": -0.098326933011784412
    }, 
    "Ar39": {
        "error": 0.10909056259879082, 
        "fit": "Parabolic", 
        "value": -0.1258933465455917
    }, 
    "Ar40": {
        "error": 0.27203624241369612, 
        "fit": "Parabolic", 
        "value": -0.18470877494016363
    }, 
    "Ar41": {
        "error": 0.073687389457601796, 
        "fit": "linear", 
        "value": 0.10287039465386416
    }
}