{
    "Ar36": {
        "error": 0.00025307155663906953, 
        "fit": "Parabolic", 
        "value": 0.0017255560897126156
    }, 
    "Ar37": {
        "error": 0.047694413747265324, 
        "fit": "linear", 
        "value": -0.28445234851406265
    }, 
    "Ar38": {
        "error": 0.021092335653790897, 
        "fit": "linear", 
        "value": -0.12244975163962106
    }, 
    "Ar39": {
        "error": 0.020081077351805213, 
        "fit": "Parabolic", 
        "value": -0.019844430383708367
    }, 
    "Ar40": {
        "error": 0.038000953110964318, 
        "fit": "Parabolic", 
        "value": -0.0023084836894200905
    }, 
    "Ar41": {
        "error": 0.021910551439717617, 
        "fit": "linear", 
        "value": -0.11189499159561152
    }
}