{
    "Ar36": {
        "error": 0.00020165062625471122, 
        "fit": "Parabolic", 
        "value": 0.001134434563594701
    }, 
    "Ar37": {
        "error": 0.044537307843201084, 
        "fit": "linear", 
        "value": -0.20574185042614707
    }, 
    "Ar38": {
        "error": 0.021380020469627638, 
        "fit": "linear", 
        "value": -0.044106218535151044
    }, 
    "Ar39": {
        "error": 0.019632453456671497, 
        "fit": "Parabolic", 
        "value": 0.017746073168868282
    }, 
    "Ar40": {
        "error": 0.044235883196858769, 
        "fit": "Parabolic", 
        "value": 0.16257956979248608
    }, 
    "Ar41": {
        "error": 0.020965565383190918, 
        "fit": "linear", 
        "value": -0.01589724954569461
    }
}