{
    "Ar36": {
        "error": 0.0012187445232024658, 
        "fit": "Parabolic", 
        "value": 0.0045252718506454863
    }, 
    "Ar37": {
        "error": 0.15513172719190332, 
        "fit": "linear", 
        "value": 0.050205854930387782
    }, 
    "Ar38": {
        "error": 0.081961356731221735, 
        "fit": "linear", 
        "value": -0.077566290092220047
    }, 
    "Ar39": {
        "error": 0.17090406174704775, 
        "fit": "Parabolic", 
        "value": 0.20326305428498068
    }, 
    "Ar40": {
        "error": 0.27925854358387547, 
        "fit": "Parabolic", 
        "value": -0.14480732656949263
    }, 
    "Ar41": {
        "error": 0.068529573994748169, 
        "fit": "linear", 
        "value": 0.051245600101001973
    }
}