{
    "Ar36": {
        "error": 0.00026566385764736228, 
        "fit": "Parabolic", 
        "value": 0.0013341719573899296
    }, 
    "Ar37": {
        "error": 0.046964753264482573, 
        "fit": "linear", 
        "value": -0.41508684796188083
    }, 
    "Ar38": {
        "error": 0.019497397066012955, 
        "fit": "linear", 
        "value": -0.10819024836123672
    }, 
    "Ar39": {
        "error": 0.017093096341220599, 
        "fit": "Parabolic", 
        "value": 0.0063819044734904282
    }, 
    "Ar40": {
        "error": 0.039839703044718892, 
        "fit": "Parabolic", 
        "value": -0.011547308002202883
    }, 
    "Ar41": {
        "error": 0.02084148220392526, 
        "fit": "linear", 
        "value": -0.065146458356940135
    }
}