{
    "Ar36": {
        "error": 0.00091476978296571435, 
        "fit": "Parabolic", 
        "value": 0.00029262832080597431
    }, 
    "Ar37": {
        "error": 0.17888495299947191, 
        "fit": "linear", 
        "value": -0.31268251809884484
    }, 
    "Ar38": {
        "error": 0.06417946188187057, 
        "fit": "linear", 
        "value": -0.20861673661969479
    }, 
    "Ar39": {
        "error": 0.15634472965896945, 
        "fit": "Parabolic", 
        "value": -0.027553996957026483
    }, 
    "Ar40": {
        "error": 0.22042483079513905, 
        "fit": "Parabolic", 
        "value": -0.18629127543142543
    }, 
    "Ar41": {
        "error": 0.072567440070406067, 
        "fit": "linear", 
        "value": -0.01054648273638828
    }
}