{
    "Ar36": {
        "error": 0.00026734300698869317, 
        "fit": "Parabolic", 
        "value": 0.0015288222003699697
    }, 
    "Ar37": {
        "error": 0.04213425401017655, 
        "fit": "linear", 
        "value": -0.33847623384193304
    }, 
    "Ar38": {
        "error": 0.019073838977404323, 
        "fit": "linear", 
        "value": -0.052360500393927305
    }, 
    "Ar39": {
        "error": 0.021051716714121371, 
        "fit": "Parabolic", 
        "value": -0.038251018547991116
    }, 
    "Ar40": {
        "error": 0.033921983374804725, 
        "fit": "Parabolic", 
        "value": -0.0072755446619903186
    }, 
    "Ar41": {
        "error": 0.018325571590897604, 
        "fit": "linear", 
        "value": -0.079531822029723975
    }
}