{
    "Ar36": {
        "error": 0.00023887801613413614, 
        "fit": "Parabolic", 
        "value": 0.0016833348875226776
    }, 
    "Ar37": {
        "error": 0.044738992886111412, 
        "fit": "linear", 
        "value": -0.27457464106383578
    }, 
    "Ar38": {
        "error": 0.019405341203223948, 
        "fit": "linear", 
        "value": -0.086984149588297699
    }, 
    "Ar39": {
        "error": 0.016866969379342664, 
        "fit": "Parabolic", 
        "value": 0.030879309152029563
    }, 
    "Ar40": {
        "error": 0.04120938319542828, 
        "fit": "Parabolic", 
        "value": 0.087713700828287389
    }, 
    "Ar41": {
        "error": 0.020901908676022443, 
        "fit": "linear", 
        "value": -0.085172284378136454
    }
}