{
    "Ar36": {
        "error": 0.00020832742965914058, 
        "fit": "Parabolic", 
        "value": 0.0015652000418506608
    }, 
    "Ar37": {
        "error": 0.038136932921921385, 
        "fit": "linear", 
        "value": -0.22313348383086537
    }, 
    "Ar38": {
        "error": 0.020726378690722216, 
        "fit": "linear", 
        "value": -0.042610005120692393
    }, 
    "Ar39": {
        "error": 0.015894898231788912, 
        "fit": "Parabolic", 
        "value": 0.0047162041764106958
    }, 
    "Ar40": {
        "error": 0.038892714771686578, 
        "fit": "Parabolic", 
        "value": 0.18126701813050883
    }, 
    "Ar41": {
        "error": 0.019398691699041595, 
        "fit": "linear", 
        "value": -0.0075660179789156148
    }
}