{
    "Ar36": {
        "error": 0.0010632034562898332, 
        "fit": "Parabolic", 
        "value": 0.0033247961495202708
    }, 
    "Ar37": {
        "error": 0.12389682729862782, 
        "fit": "linear", 
        "value": 0.093997723238396225
    }, 
    "Ar38": {
        "error": 0.057668808087475279, 
        "fit": "linear", 
        "value": -0.18196592463470729
    }, 
    "Ar39": {
        "error": 0.15025089133635722, 
        "fit": "Parabolic", 
        "value": -0.15638010335877933
    }, 
    "Ar40": {
        "error": 0.28288179894347837, 
        "fit": "Parabolic", 
        "value": 0.35605423336055991
    }, 
    "Ar41": {
        "error": 0.088988685140184459, 
        "fit": "linear", 
        "value": 0.14907758137232885
    }
}