{
    "Ar36": {
        "error": 0.00020522313020378166, 
        "fit": "Parabolic", 
        "value": 0.0013846121374560135
    }, 
    "Ar37": {
        "error": 0.041061932322677838, 
        "fit": "linear", 
        "value": -0.26772012713900517
    }, 
    "Ar38": {
        "error": 0.018600876024255732, 
        "fit": "linear", 
        "value": -0.029712450695283926
    }, 
    "Ar39": {
        "error": 0.021046518311850424, 
        "fit": "Parabolic", 
        "value": 0.0045693674302986556
    }, 
    "Ar40": {
        "error": 0.03887033087831996, 
        "fit": "Parabolic", 
        "value": 0.081591851652523237
    }, 
    "Ar41": {
        "error": 0.020854116191821273, 
        "fit": "linear", 
        "value": -0.027992267509607066
    }
}