{
    "AX": {
        "error": 0.005988634919710342, 
        "fit": "average", 
        "value": -0.027810338018481307
    }, 
    "CDD": {
        "error": 1.9551836065085873e-05, 
        "fit": "average", 
        "value": 0.00021051819149461555
    }, 
    "H1": {
        "error": 0.011174075986437985, 
        "fit": "average", 
        "value": -0.020914268742602
    }, 
    "H2": {
        "error": 0.011813217618453496, 
        "fit": "average", 
        "value": -0.04853588940061928
    }, 
    "L1": {
        "error": 0.013322203102714925, 
        "fit": "average", 
        "value": -0.07017129123338735
    }, 
    "L2": {
        "error": 0.025274483388877788, 
        "fit": "average", 
        "value": -0.159887443423079
    }
}