{
    "AX": {
        "error": 0.005582750566326552, 
        "fit": "average", 
        "value": -0.026525622090695363
    }, 
    "CDD": {
        "error": 1.84972727999608e-05, 
        "fit": "average", 
        "value": 0.00024617046581201443
    }, 
    "H1": {
        "error": 0.011856809202924824, 
        "fit": "average", 
        "value": -0.13826004355741364
    }, 
    "H2": {
        "error": 0.01018508079335391, 
        "fit": "average", 
        "value": -0.11757758864962288
    }, 
    "L1": {
        "error": 0.010671659062796433, 
        "fit": "average", 
        "value": -0.12026280006809584
    }, 
    "L2": {
        "error": 0.02430348144948303, 
        "fit": "average", 
        "value": -0.35251009346770706
    }
}