{
    "AX": {
        "error": 0.005761676399169474, 
        "fit": "average", 
        "value": -0.03236363366177791
    }, 
    "CDD": {
        "error": 2.0293091411227194e-05, 
        "fit": "average", 
        "value": 0.0002580545579462721
    }, 
    "H1": {
        "error": 0.010294113081017546, 
        "fit": "average", 
        "value": -0.12675971960621765
    }, 
    "H2": {
        "error": 0.009648233600481185, 
        "fit": "average", 
        "value": -0.092757531741519
    }, 
    "L1": {
        "error": 0.011878664652212153, 
        "fit": "average", 
        "value": -0.08840170954573522
    }, 
    "L2": {
        "error": 0.021073230467239617, 
        "fit": "average", 
        "value": -0.2943772372038829
    }
}