{
    "AX": {
        "error": 0.005548202587521502, 
        "fit": "average", 
        "value": -0.03332500316167967
    }, 
    "CDD": {
        "error": 2.1982238573554223e-05, 
        "fit": "average", 
        "value": 0.00021561137435597416
    }, 
    "H1": {
        "error": 0.010678516512090156, 
        "fit": "average", 
        "value": -0.05516812938479495
    }, 
    "H2": {
        "error": 0.01162176764542423, 
        "fit": "average", 
        "value": -0.03547295122147498
    }, 
    "L1": {
        "error": 0.01099745794254005, 
        "fit": "average", 
        "value": -0.05094138688107766
    }, 
    "L2": {
        "error": 0.021509864636739748, 
        "fit": "average", 
        "value": -0.25076433690707844
    }
}