{
    "AX": {
        "error": 0.005696745939882165, 
        "fit": "average", 
        "value": -0.025980978771385495
    }, 
    "CDD": {
        "error": 2.414735237613705e-05, 
        "fit": "average", 
        "value": 0.00026314774139697553
    }, 
    "H1": {
        "error": 0.010289809063789714, 
        "fit": "average", 
        "value": -0.0789299161297459
    }, 
    "H2": {
        "error": 0.011478444805631828, 
        "fit": "average", 
        "value": -0.07524940531913936
    }, 
    "L1": {
        "error": 0.010650427291991409, 
        "fit": "average", 
        "value": -0.086592813745302
    }, 
    "L2": {
        "error": 0.023050240855881185, 
        "fit": "average", 
        "value": -0.3037426513880901
    }
}