{
    "AX": {
        "error": 0.005645561764047078, 
        "fit": "average", 
        "value": -0.02067109899543963
    }, 
    "CDD": {
        "error": 1.965179128104566e-05, 
        "fit": "average", 
        "value": 0.00022919319249376421
    }, 
    "H1": {
        "error": 0.009258076776901937, 
        "fit": "average", 
        "value": -0.07348322491560387
    }, 
    "H2": {
        "error": 0.010009775311031099, 
        "fit": "average", 
        "value": -0.07351382729818726
    }, 
    "L1": {
        "error": 0.012411036247803087, 
        "fit": "average", 
        "value": -0.10942284209071673
    }, 
    "L2": {
        "error": 0.024932492422606464, 
        "fit": "average", 
        "value": -0.31311099535370274
    }
}