{
    "AX": {
        "error": 0.005838366886659103, 
        "fit": "average", 
        "value": -0.03694670841295052
    }, 
    "CDD": {
        "error": 2.052161019613664e-05, 
        "fit": "average", 
        "value": 0.0002274954654022105
    }, 
    "H1": {
        "error": 0.011617897204695684, 
        "fit": "average", 
        "value": -0.04694324943104225
    }, 
    "H2": {
        "error": 0.010772892713552504, 
        "fit": "average", 
        "value": -0.04379812980413947
    }, 
    "L1": {
        "error": 0.011294539908057089, 
        "fit": "average", 
        "value": -0.05473543018576523
    }, 
    "L2": {
        "error": 0.022515900929734052, 
        "fit": "average", 
        "value": -0.20582209433519963
    }
}