{
    "AX": {
        "error": 0.005794912734167321, 
        "fit": "average", 
        "value": -0.031572841627636655
    }, 
    "CDD": {
        "error": 1.9906398050070338e-05, 
        "fit": "average", 
        "value": 0.0002410772841293455
    }, 
    "H1": {
        "error": 0.012574514891030456, 
        "fit": "average", 
        "value": -0.10690432315623394
    }, 
    "H2": {
        "error": 0.0104741506863847, 
        "fit": "average", 
        "value": -0.04438093614739223
    }, 
    "L1": {
        "error": 0.010855511198346417, 
        "fit": "average", 
        "value": -0.0866013016783971
    }, 
    "L2": {
        "error": 0.02535139606060263, 
        "fit": "average", 
        "value": -0.33586619071853724
    }
}