{
    "AX": {
        "error": 0.019056182845346974, 
        "fit": "average", 
        "value": -0.034949683034654025
    }, 
    "CDD": {
        "error": 9.783683632114385e-05, 
        "fit": "average", 
        "value": 0.0001375159201203484
    }, 
    "H1": {
        "error": 0.03589229864429299, 
        "fit": "average", 
        "value": -0.037158725060148445
    }, 
    "H2": {
        "error": 0.057977358671873036, 
        "fit": "average", 
        "value": -0.002777973680336247
    }, 
    "L1": {
        "error": 0.06866535743693548, 
        "fit": "average", 
        "value": -0.05113705042608059
    }, 
    "L2": {
        "error": 0.12164869745288247, 
        "fit": "average", 
        "value": -0.2704967900834876
    }
}