{
    "AX": {
        "error": 0.005835662198296345, 
        "fit": "average", 
        "value": -0.033032475983994114
    }, 
    "CDD": {
        "error": 3.709944380083443e-06, 
        "fit": "average", 
        "value": 8.488636591123832e-06
    }, 
    "H1": {
        "error": 0.01036501657005495, 
        "fit": "average", 
        "value": -0.1057794609291403
    }, 
    "H2": {
        "error": 0.012288311575884414, 
        "fit": "average", 
        "value": -0.0910598387365237
    }, 
    "L1": {
        "error": 0.012483787920414912, 
        "fit": "average", 
        "value": -0.0881922533425943
    }, 
    "L2": {
        "error": 0.019371894046192238, 
        "fit": "average", 
        "value": -0.30835991391227574
    }
}