{
    "AX": {
        "error": 0.01823337071669998, 
        "fit": "average", 
        "value": -0.062172118621860784
    }, 
    "CDD": {
        "error": 7.571559701465688e-05, 
        "fit": "average", 
        "value": 0.0001069568251282393
    }, 
    "H1": {
        "error": 0.03488323758349164, 
        "fit": "average", 
        "value": -0.06971992260121843
    }, 
    "H2": {
        "error": 0.042264296886211875, 
        "fit": "average", 
        "value": -0.0745232294815617
    }, 
    "L1": {
        "error": 0.041011728055770705, 
        "fit": "average", 
        "value": -0.10827116197538832
    }, 
    "L2": {
        "error": 0.08375878402843905, 
        "fit": "average", 
        "value": -0.26887013060928555
    }
}