{
    "AX": {
        "error": 0.004936824461340552, 
        "fit": "average", 
        "value": -0.028187153691354407
    }, 
    "CDD": {
        "error": 5.633599556068326e-06, 
        "fit": "average", 
        "value": 1.6977273227581863e-05
    }, 
    "H1": {
        "error": 0.011497172008176276, 
        "fit": "average", 
        "value": -0.13506084807130528
    }, 
    "H2": {
        "error": 0.01009805624289731, 
        "fit": "average", 
        "value": -0.12178173616199567
    }, 
    "L1": {
        "error": 0.010260879488109604, 
        "fit": "average", 
        "value": -0.11462248658470325
    }, 
    "L2": {
        "error": 0.029723090301779987, 
        "fit": "average", 
        "value": -0.3003691298742185
    }
}