{
    "AX": {
        "error": 0.01472788691662803, 
        "fit": "average", 
        "value": -0.01203567745480474
    }, 
    "CDD": {
        "error": 9.110961298902733e-05, 
        "fit": "average", 
        "value": 0.00015279546516835542
    }, 
    "H1": {
        "error": 0.04196583685771571, 
        "fit": "average", 
        "value": -0.10253889813427722
    }, 
    "H2": {
        "error": 0.04894803439356886, 
        "fit": "average", 
        "value": -0.051174727341652536
    }, 
    "L1": {
        "error": 0.03127112081024929, 
        "fit": "average", 
        "value": -0.14292644509856303
    }, 
    "L2": {
        "error": 0.09373538808268647, 
        "fit": "average", 
        "value": -0.2688503101659033
    }
}