{
    "AX": {
        "error": 0.006009755559732538, 
        "fit": "average", 
        "value": -0.024994478963198785
    }, 
    "CDD": {
        "error": 4.040063599053739e-06, 
        "fit": "average", 
        "value": 1.0186363909348599e-05
    }, 
    "H1": {
        "error": 0.011127753152418207, 
        "fit": "average", 
        "value": -0.05651742004387186
    }, 
    "H2": {
        "error": 0.011402923984747518, 
        "fit": "average", 
        "value": -0.04105033149726621
    }, 
    "L1": {
        "error": 0.010757143697378452, 
        "fit": "average", 
        "value": -0.058805858167167824
    }, 
    "L2": {
        "error": 0.02364532902156268, 
        "fit": "average", 
        "value": -0.22304312534248857
    }
}