{
    "AX": {
        "error": 0.005531357701877167, 
        "fit": "average", 
        "value": -0.03384092029627483
    }, 
    "CDD": {
        "error": 4.040063599053739e-06, 
        "fit": "average", 
        "value": 1.0186363909348599e-05
    }, 
    "H1": {
        "error": 0.010977537063902757, 
        "fit": "average", 
        "value": -0.05748967721556966
    }, 
    "H2": {
        "error": 0.010718088063994201, 
        "fit": "average", 
        "value": -0.050876654502563574
    }, 
    "L1": {
        "error": 0.011345409540965946, 
        "fit": "average", 
        "value": -0.044183923894759454
    }, 
    "L2": {
        "error": 0.02205499014827405, 
        "fit": "average", 
        "value": -0.1968376147658209
    }
}