{
    "AX": {
        "error": 0.006400570997496487, 
        "fit": "average", 
        "value": -0.02806504608791921
    }, 
    "CDD": {
        "error": 6.638989764630418e-06, 
        "fit": "average", 
        "value": 2.2070455227590365e-05
    }, 
    "H1": {
        "error": 0.011110853153049192, 
        "fit": "average", 
        "value": -0.0617037446355412
    }, 
    "H2": {
        "error": 0.010168206039488873, 
        "fit": "average", 
        "value": -0.04770846337948746
    }, 
    "L1": {
        "error": 0.011484950446956053, 
        "fit": "average", 
        "value": -0.08247953176113944
    }, 
    "L2": {
        "error": 0.021008341364019453, 
        "fit": "average", 
        "value": -0.24110124241733216
    }
}