{
    "AX": {
        "error": 0.005973635328850631, 
        "fit": "average", 
        "value": -0.025833562294321682
    }, 
    "CDD": {
        "error": 3.3377373217547025e-06, 
        "fit": "average", 
        "value": 6.7909092728990664e-06
    }, 
    "H1": {
        "error": 0.011606825584852168, 
        "fit": "average", 
        "value": -0.12987007910205858
    }, 
    "H2": {
        "error": 0.008625814765104635, 
        "fit": "average", 
        "value": -0.09737898771465889
    }, 
    "L1": {
        "error": 0.012084675582191933, 
        "fit": "average", 
        "value": -0.11872982139559378
    }, 
    "L2": {
        "error": 0.02461801031623583, 
        "fit": "average", 
        "value": -0.3571958783477191
    }
}