{
    "AX": {
        "error": 0.005310819609269797, 
        "fit": "average", 
        "value": -0.024354261794682065
    }, 
    "CDD": {
        "error": 3.7099443800834432e-06, 
        "fit": "average", 
        "value": 8.488636591123832e-06
    }, 
    "H1": {
        "error": 0.010038251180245348, 
        "fit": "average", 
        "value": -0.08156217889125318
    }, 
    "H2": {
        "error": 0.010665727801313809, 
        "fit": "average", 
        "value": -0.09944087196433563
    }, 
    "L1": {
        "error": 0.00993528554836283, 
        "fit": "average", 
        "value": -0.06588278568784597
    }, 
    "L2": {
        "error": 0.023491536601693005, 
        "fit": "average", 
        "value": -0.22261464056638972
    }
}