{
    "Ar36": {
        "error": 0.0069627204961479391, 
        "fit": "Parabolic", 
        "value": 3.9192730339990405
    }, 
    "Ar37": {
        "error": 0.048045157933979107, 
        "fit": "linear", 
        "value": -0.26405086553274326
    }, 
    "Ar38": {
        "error": 0.020668429588212873, 
        "fit": "linear", 
        "value": 0.63319061964425405
    }, 
    "Ar39": {
        "error": 0.021082494144870238, 
        "fit": "Parabolic", 
        "value": 0.010272719526052817
    }, 
    "Ar40": {
        "error": 0.12841451935594933, 
        "fit": "Parabolic", 
        "value": 1183.8481321067102
    }, 
    "Ar41": {
        "error": 0.020791201116023925, 
        "fit": "linear", 
        "value": -0.043166108321484223
    }
}