{
    "Ar36": {
        "error": 0.0081315526777355467, 
        "fit": "Parabolic", 
        "value": 3.9258614748186851
    }, 
    "Ar37": {
        "error": 0.040030021750859554, 
        "fit": "linear", 
        "value": -0.25476994255633656
    }, 
    "Ar38": {
        "error": 0.019965149205292822, 
        "fit": "linear", 
        "value": 0.62388831658513955
    }, 
    "Ar39": {
        "error": 0.018742072142488186, 
        "fit": "Parabolic", 
        "value": 0.054517620909624906
    }, 
    "Ar40": {
        "error": 0.14426911295269895, 
        "fit": "Parabolic", 
        "value": 1185.7759993668428
    }, 
    "Ar41": {
        "error": 0.017871648100849086, 
        "fit": "linear", 
        "value": -0.050975844257520123
    }
}