{
    "Ar36": {
        "error": 0.0078272421281382881, 
        "fit": "Parabolic", 
        "value": 3.8840229457059019
    }, 
    "Ar37": {
        "error": 0.038508240438921967, 
        "fit": "linear", 
        "value": -0.19333946514404365
    }, 
    "Ar38": {
        "error": 0.019396386876739499, 
        "fit": "linear", 
        "value": 0.69894725256395862
    }, 
    "Ar39": {
        "error": 0.018788349085505307, 
        "fit": "Parabolic", 
        "value": -0.015573273918314409
    }, 
    "Ar40": {
        "error": 0.13403245420541679, 
        "fit": "Parabolic", 
        "value": 1181.7283842571715
    }, 
    "Ar41": {
        "error": 0.020269227264780334, 
        "fit": "linear", 
        "value": 0.0056366729325404378
    }
}