{
    "Ar36": {
        "error": 0.0080677100340170969, 
        "fit": "Parabolic", 
        "value": 3.889112864010599
    }, 
    "Ar37": {
        "error": 0.037877093849336976, 
        "fit": "linear", 
        "value": -0.22889430321247164
    }, 
    "Ar38": {
        "error": 0.018658815827676607, 
        "fit": "linear", 
        "value": 0.71356748576102613
    }, 
    "Ar39": {
        "error": 0.018373656226011923, 
        "fit": "Parabolic", 
        "value": 0.046793036676993818
    }, 
    "Ar40": {
        "error": 0.12850530572749924, 
        "fit": "Parabolic", 
        "value": 1179.2259140086016
    }, 
    "Ar41": {
        "error": 0.021041746181315206, 
        "fit": "linear", 
        "value": -0.0075407672214486375
    }
}