{
    "Ar36": {
        "error": 0.0076172183346329986, 
        "fit": "Parabolic", 
        "value": 3.8787927420299546
    }, 
    "Ar37": {
        "error": 0.040424523099160892, 
        "fit": "linear", 
        "value": -0.18185962384820717
    }, 
    "Ar38": {
        "error": 0.019187359537210201, 
        "fit": "linear", 
        "value": 0.72621184948348183
    }, 
    "Ar39": {
        "error": 0.018601956658076055, 
        "fit": "Parabolic", 
        "value": 0.03580863671330544
    }, 
    "Ar40": {
        "error": 0.14720062252901814, 
        "fit": "Parabolic", 
        "value": 1181.7959467926439
    }, 
    "Ar41": {
        "error": 0.021676490360398478, 
        "fit": "linear", 
        "value": -0.016372643687496198
    }
}