{
    "Ar36": {
        "error": 0.0079602599713196106, 
        "fit": "Parabolic", 
        "value": 3.8820731163336535
    }, 
    "Ar37": {
        "error": 0.044211165495815691, 
        "fit": "linear", 
        "value": -0.29027681683635387
    }, 
    "Ar38": {
        "error": 0.017413533836147299, 
        "fit": "linear", 
        "value": 0.60436440327955676
    }, 
    "Ar39": {
        "error": 0.019183795555405954, 
        "fit": "Parabolic", 
        "value": 0.0101794818963087
    }, 
    "Ar40": {
        "error": 0.12468365831656383, 
        "fit": "Parabolic", 
        "value": 1185.5100272550396
    }, 
    "Ar41": {
        "error": 0.020979406893095721, 
        "fit": "linear", 
        "value": -0.085336258938294524
    }
}