{
    "Ar36": {
        "error": 0.0079172755211584667, 
        "fit": "Parabolic", 
        "value": 3.9115023537958229
    }, 
    "Ar37": {
        "error": 0.042082369235849529, 
        "fit": "linear", 
        "value": -0.29872680277092267
    }, 
    "Ar38": {
        "error": 0.020128962939411646, 
        "fit": "linear", 
        "value": 0.69285610757925564
    }, 
    "Ar39": {
        "error": 0.018271448314452408, 
        "fit": "Parabolic", 
        "value": 0.02509829679023539
    }, 
    "Ar40": {
        "error": 0.12542625709113872, 
        "fit": "Parabolic", 
        "value": 1183.8397652403432
    }, 
    "Ar41": {
        "error": 0.020127445773002111, 
        "fit": "linear", 
        "value": -0.016663609536849918
    }
}